Keyword,Search_Volume,Total_Results,BSR_Min,BSR_Avg,BSR_Max,Price_Min,Price_Avg,Price_Max,Reviews_Min,Reviews_Avg,Reviews_Max,Sales_Min,Sales_Avg,Sales_Max,Revenue_Min,Revenue_Avg,Revenue_Max,Revenue_Total,Oppurtunity_Score,Use
11children shoes office shoes,0,272,1456,22576,62712,379,577,799,0,3,19,1,8,30,599,4087,12784,40873,0,NO
361 shoes white shoes,0,230,65120,65120,65120,1764,1764,1764,0,0,0,1,1,1,1764,1764,1764,17640,1,YES
a6 shoes running shoes white colour,0,2,7,84810,438890,299,741,1299,0,414,2878,0,91,336,0,80637,334656,645094,6,YES
aces shoes running shoes,0,50,663,65085,335402,454,1307,2799,0,51,249,0,10,50,0,12526,61578,112731,2,NO
action shoes for men shoes,0,739,903,5301,11836,559,720,1299,0,35,216,5,15,41,2995,11178,24559,100600,3,YES
adidas shoes,260,5000,452,4801,16747,1349,2474,3999,0,29,133,4,25,63,9995,55549,120267,555493,5,YES
all shoes company shoes men,0,8000,2,189,785,449,776,1739,37,1047,3232,45,187,460,56387,128637,350649,1157730,6,YES
all shoes men sports shoes,0,20000,2,6470,39503,475,740,1610,0,930,3894,1,146,460,1610,98485,289575,984848,4,NO
all star shoes for men shoes,0,1000,114,15299,75240,340,1970,4999,0,128,659,1,24,125,4688,33539,194875,335392,6,YES
allen shoes for men shoes,0,1000,618,8539,55738,999,1576,2067,0,120,466,1,17,52,1648,24672,53592,246718,4,YES
allen shoes running shoes,0,98,643,11975,41028,999,1254,1449,0,11,85,1,15,51,1399,17365,64950,173654,3,NO
allen shoes sport shoes,0,115,216,11471,43972,999,1313,1749,0,51,466,1,24,83,999,33863,136037,338626,5,YES
allstar shoes for men shoes,0,1000,114,11217,38359,409,1738,3149,0,123,659,1,24,125,1080,36013,194875,360129,5,YES
amico shoes running shoes,0,43,68,11020,27840,449,494,499,0,15,97,2,38,156,998,18727,77844,187274,0,NO
appe shoes red shoes,0,93,1703,22189,51958,409,536,600,0,7,22,1,7,27,599,3567,15120,32101,3,NO
appe shoes sneaker shoes,0,194,6036,27758,92944,489,578,600,0,7,23,0,4,10,0,2282,5990,22823,2,NO
asion shoes for men shoes,0,10000,1,855,4385,389,511,648,7,525,3209,13,139,532,7137,72805,265468,655243,7,YES
axonza shoes for black shoe,0,115,2428,17756,44372,399,484,599,0,215,484,1,8,21,399,3792,10479,37916,3,NO
bata shoes for men shoes,0,2000,199,9162,43226,599,913,1499,8,142,457,1,33,96,824,27707,80160,277069,4,YES
batar shoes formal shoes,0,1000,185,11755,56141,549,949,1499,1,51,174,1,30,100,549,26089,74900,260894,4,NO
belt shoes in school shoes,0,5000,6,1384,5379,284,660,975,0,394,3197,11,90,351,4260,65795,289575,657945,5,YES
big shoes small shoes,0,2000,3,80,565,232,800,1749,485,1856,3496,55,258,418,81432,163914,289575,1639141,4,YES
black shoe black shoe,260,80000,6,688,4065,394,755,1409,4,579,3197,14,174,351,12586,142967,289575,1286705,4,NO
board shoes skating shoes,0,109,3200,21493,46133,199,6972,29519,0,1,5,0,8,24,0,6137,25143,30686,3,NO
boot shoes,40,70000,52,3481,14199,399,569,899,0,50,407,4,55,173,2994,30176,103627,271587,6,YES
boys shoes boys shoes,22200,100000,21,5889,37188,339,500,999,0,76,288,1,115,330,439,50959,141570,509589,5,YES
boys shoes girls shoes,20,50000,21,19794,147179,171,371,549,4,191,616,0,58,225,0,21619,78525,216194,4,YES
bravo shoes for men all shoes,0,17,91,96031,247460,489,1683,4899,0,298,1485,0,36,138,0,27290,89562,109158,7,YES
breathable shoes running shoes,0,10000,6,3796,8585,399,782,1349,0,333,3198,7,57,351,4788,49407,315549,444663,5,YES
c shoes,0,10000,1951,11154,24907,399,947,2747,0,12,55,2,9,25,1398,7452,17592,74516,1,NO
campus shoes campus shoes,90,3000,317,3126,10623,419,1012,1589,1,39,121,6,33,76,4792,30685,74683,306847,5,YES
campus shoes for men shoes,10,931,160,2554,8194,767,1164,1778,44,193,365,9,40,104,13290,41445,79768,414447,6,YES
campus shoes in sports shoes,0,181,1793,15691,52778,499,1039,1450,0,24,81,1,13,26,999,16110,37414,144992,2,NO
canvas shoes canvas shoes,20,50000,112,112,112,599,599,599,3881,3881,3881,126,126,126,75474,75474,75474,754740,5,YES
casule shoe shoe under 400,n/a,40000,8,386,1153,238,420,499,29,498,1286,35,169,433,13611,75429,216067,678865,5,YES
cat shoes,n/a,10000,327,28691,149310,800,3360,6999,0,4,14,0,15,75,0,37421,179925,336791,3,NO
cat shoes black,n/a,2000,682,20131,56905,280,2753,7489,0,5,19,1,10,49,560,28434,137151,227468,4,YES
centrino shoes,n/a,n/a,251,6996,40324,499,662,974,0,66,233,1,29,86,599,17096,47214,170959,1,NO
cloth shoes stylish shoes,n/a,2000,3,162,332,305,548,1559,193,572,2253,74,175,418,26535,97257,245784,972567,7,YES
coaster shoes coaster shoes,n/a,1000,14733,86249,302540,675,926,1399,0,4,15,0,2,4,0,1689,5596,16894,0,NO
columbus shoes for men shoes,n/a,374,1126,6783,19580,498,574,664,2,29,104,4,15,34,2336,8625,19856,86246,2,NO
combo shoes of three shoes,n/a,10000,58,6569,44571,440,625,799,0,159,1415,1,43,166,699,25882,107734,258822,4,YES
combos shoes sports shoes,n/a,20000,174,9005,44320,549,671,899,0,44,215,1,28,103,569,18094,56547,180942,1,NO
commando shoes commando shoes,n/a,111,2748,15044,49399,899,967,1160,0,8,35,0,7,19,949,7163,18240,64464,2,NO
ctr shoes safety shoes,n/a,n/a,134,10136,15540,327,2770,6249,0,102,487,4,43,122,3996,16495,39894,49486,2,NO
cut shoe shoe,n/a,6000,5,2924,7515,232,635,1398,0,298,2413,8,62,368,3592,22598,85376,203378,6,YES
dance shoes ballet shoes,n/a,4000,6311,37401,86865,510,1086,2800,0,2,11,0,3,10,0,3039,7950,30389,1,NO
dancer shoes dancer shoes,n/a,826,6141,135387,593503,449,1410,4499,0,7,48,0,4,10,0,3690,8400,36896,3,NO
dc shoes,n/a,1000,7827,22391,42696,1191,2538,3782,0,9,41,1,4,8,2382,8666,17256,86664,3,NO
dc shoes skate shoe,n/a,155,12567,183221,600878,1091,3640,7390,0,5,17,0,1,5,0,5386,36950,48470,3,NO
decathlon shoes football shoes,n/a,3,6455,63885,257347,699,2319,4879,0,20,145,0,3,13,0,7051,21957,70513,2,NO
didas shoes cricket shoes,n/a,50,960,37750,83910,1125,4534,10890,0,4,20,1,12,44,3799,24747,87377,197973,2,NO
egoss shoes formal shoes,n/a,207,1462,75487,154613,699,759,999,0,36,178,0,7,30,0,6413,29970,32067,1,NO
emosis shoes casual shoes,n/a,324,4,9134,35671,380,472,499,1,98,322,2,90,390,998,36381,148200,363810,6,YES
escort shoes sports shoes,n/a,100000,6,43,116,276,503,825,0,744,3197,124,222,351,34224,119951,289575,1079561,5,YES
espadrilles shoeschainshoes,n/a,n/a,13034,18862,27525,544,981,1364,0,5,14,2,4,5,1088,4016,6820,12048,2,NO
evoknit shoes running shoes,n/a,177,20068,56406,152221,2399,3874,7199,0,1,4,0,1,3,0,6102,21597,48814,1,NO
farmal shoes long shoes,n/a,6000,105,2522,13408,449,640,1468,2,335,1607,5,64,130,2495,47805,168820,478051,7,YES
fashion shoes casual shoes,n/a,100000,1,519,2616,299,497,899,3,627,3188,20,204,532,5980,108165,265468,1081647,4,YES
fashion shoes,n/a,300000,3,163,988,299,426,499,0,471,3267,39,193,418,11661,74394,133732,595151,6,YES
female shoes casual shoes,n/a,3000,587,5868,22210,399,488,599,0,83,315,3,25,54,1197,14458,25596,115663,3,NO
female shoes running shoes,n/a,474,2056,24084,48223,495,2940,8998,0,20,154,1,7,24,499,11266,47976,101396,0,NO
footin shoes ladies shoes,n/a,n/a,1679,40291,68099,474,546,666,5,11,18,1,10,27,499,4654,12798,13963,0,YES
for shoes boy shoes,n/a,90000,14,344,1130,299,516,799,4,155,495,36,101,274,17964,47019,81995,470188,4,YES
for shoes loafer shoes,n/a,60000,4,154,513,360,550,899,4,255,1415,58,166,390,28942,86208,140400,862076,4,YES
for shoes sports shoes,n/a,n/a,1,139,805,429,610,885,0,566,3149,44,204,532,18876,124814,265468,1248142,5,YES
formal shoes for men shoes,n/a,60000,56,914,3240,285,579,878,0,136,340,17,77,168,10183,38620,82350,386202,6,YES
full shoes all shoes,n/a,2000,2,28,175,232,473,825,1201,2413,3870,103,311,460,43188,143244,289575,1289197,5,YES
furo shoes basketball shoes,n/a,3,371,39593,116849,1525,1744,1950,1,33,244,1,10,70,1716,17294,124600,172939,1,NO
furo shoes sports shoes,n/a,169,556,19854,91811,1676,1840,2065,1,35,234,0,13,56,0,24643,105560,246430,4,YES
girl shoes casual shoes,n/a,40000,33,893,2749,450,494,516,1,128,605,19,77,206,8550,38516,102794,385161,5,YES
goldstar shoes goldstar shoes,n/a,447,563,6116,14186,349,585,710,0,15,33,4,20,55,1745,11080,25935,110802,2,NO
hightop shoes mr shoes,n/a,5,27709,193373,298477,799,1699,2899,0,0,1,0,1,2,0,599,1798,1798,1,NO
hillson shoes safety shoes,n/a,189,107,2774,12111,290,670,1399,4,177,688,0,31,144,0,16720,71856,167198,0,NO
hot shoes sports shoes,n/a,733,90,29100,129189,299,893,4543,0,114,490,0,56,213,0,38187,170187,343686,5,YES
hrx shoes canvas shoes,n/a,7,6,66799,206098,398,633,1349,0,321,3197,0,37,351,0,33365,289575,300283,4,YES
hrx shoes,n/a,45,593,202671,576079,135,1304,2099,0,20,194,0,22,108,0,3215,14580,16077,2,NO
issues shoes,n/a,n/a,3,46,182,246,1049,2459,420,1396,2399,101,240,418,90528,209035,484423,2090345,4,YES
jumping shoes jumping shoes,n/a,850,5,42160,100276,2399,5197,13771,0,322,3211,0,62,368,0,156875,919632,941249,2,NO
kabaddi shoes kabaddi shoes,n/a,103,6525,29442,58646,569,720,1291,0,2,7,1,3,9,569,2166,5841,21662,3,NO
kid shoes casual shoes,n/a,30000,205,7409,18937,379,445,579,0,51,324,3,22,95,1737,8986,37905,89863,2,NO
knoos shoes cut shoes,n/a,6,37,36284,116828,220,468,499,1,100,349,0,40,197,0,20354,98303,183182,7,YES
kraasa shoes for men shoes,n/a,799,27,362,861,339,463,499,33,499,2274,43,98,221,20382,43489,74919,434889,5,YES
ladies shoe shoe,n/a,60000,14,319,903,457,784,1338,41,288,847,40,117,249,18280,91841,200700,918411,7,YES
ladies shoes,n/a,50000,19,3884,16827,367,517,734,0,138,963,4,67,234,2396,39221,171756,392208,4,NO
ladka shoes running shoes,n/a,30000,31,949,4644,457,616,899,16,139,495,13,74,210,6162,54442,175140,435533,6,YES
lady shoes for sports shoes,n/a,6000,40,1358,4277,295,541,899,1,166,573,13,62,192,3887,41267,172608,412672,6,YES
lakhani shoes,n/a,370,11095,24406,46982,599,1324,1699,0,5,12,0,3,6,0,3913,8495,39128,1,NO
larger shoes,n/a,2000,1,82,428,232,655,1000,143,2200,3861,96,284,532,80160,184092,532000,1840918,6,YES
lcr shoes,n/a,202,21,2607,11043,449,660,999,6,259,1028,6,73,241,3294,32418,73636,291758,5,YES
lebarty shoes for men shoes,n/a,2000,232,20100,71859,400,760,1299,4,63,293,1,17,89,449,11608,44411,104468,2,NO
led shoe laces shoes,n/a,2000,3695,46963,178002,285,387,932,0,3,10,0,6,15,0,1744,4485,15692,2,NO
leecooper shoes formal shoes,n/a,1000,5687,14596,34799,1595,2143,2999,0,28,108,2,6,11,4318,12403,24770,124027,0,NO
lencer shoes for men shoes,n/a,857,40,1017,1922,424,505,849,81,555,1099,27,81,224,12744,39430,100576,394304,7,YES
levis shoes lace up shoes,n/a,7,13979,98471,207890,1119,2925,4847,0,4,24,0,1,5,0,2872,8580,22975,0,NO
lighting shoes in under the shoes,n/a,40,6,44169,238333,259,883,2224,0,361,3197,0,42,351,0,35350,290979,353496,6,YES
local shoes red shoes,n/a,71,1,3930,20857,233,817,2476,20,656,2428,3,156,532,2421,64687,159068,646866,7,YES
lotto shoes for men shoes,n/a,831,6,3668,16958,254,726,1199,2,458,3197,4,89,351,1016,81375,289575,732373,6,YES
men shoes casual shoes,n/a,80000,3,56,143,289,482,764,35,879,3861,113,221,418,43061,105137,245784,1051373,6,YES
men shoes formal shoes,n/a,40000,16,303,739,285,560,1351,12,207,453,47,103,263,24010,55388,131237,553882,4,YES
men shoes men shoes,n/a,30000,1,299,751,374,756,1809,5,760,5214,47,153,568,30503,89517,212432,805655,6,YES
men shoes office shoes,n/a,10000,1,973,3345,329,501,699,1,417,3188,16,114,532,7984,55437,265468,554365,7,YES
men shoes,n/a,90000,1,38,122,273,502,764,36,1149,3866,121,278,532,44226,138583,265468,1385826,5,YES
men shoes casual,n/a,80000,4,104,291,310,435,549,0,295,731,79,182,390,27590,77553,148200,775526,5,YES
men shoes combo,n/a,40000,16,1144,3722,298,535,699,2,332,1489,15,92,263,6930,47348,131237,473484,6,YES
men shoes formal,n/a,50000,164,853,2905,329,475,549,118,250,574,18,62,106,8982,29878,52894,298781,4,YES
men shoes leather,n/a,60000,65,674,2215,499,1207,2239,47,206,479,19,79,157,29970,85096,195936,850962,4,YES
men shoes loafer,n/a,50000,4,2294,16040,275,483,1099,0,98,318,4,103,390,1996,44526,140400,445255,6,YES
men shoes sports,n/a,70000,1,1,1,474,474,474,15262,15262,15262,532,532,532,252168,252168,252168,2521680,5,YES
men shoes under 500,n/a,60000,1,65,291,320,451,499,69,812,3188,64,269,532,28736,118850,265468,1069647,7,YES
men shoes woodland,n/a,1000,716,2139,4099,2097,3367,4046,8,62,135,14,27,48,29358,92197,158880,921969,4,YES
men shoes sports shoes,n/a,30000,2,172,818,369,580,997,0,1333,7347,45,208,510,27389,110007,241740,1100067,4,YES
metro shoes white shoes,n/a,124,24950,85801,316457,845,1341,2443,0,0,3,0,1,2,0,1332,2366,11988,1,NO
mi shoes smart shoes,n/a,125,56,13036,35842,397,1995,4999,0,211,1591,2,33,168,2175,25017,128352,175122,7,YES
mi shoes sport shoes,n/a,125,56,13036,35842,397,1995,4999,0,211,1591,2,33,168,2175,25017,128352,175122,4,YES
military shoes military shoes,n/a,2000,2974,9064,19203,475,907,1949,0,9,60,3,10,18,1425,8701,16182,87012,0,NO
model shoes model shoes,n/a,5000,31,8470,36430,499,705,1499,1,622,2226,2,81,210,998,51701,145236,517013,5,YES
mojdi shoes loafer shoes,n/a,22,631,92783,302137,349,554,999,0,9,79,0,7,52,0,3708,25948,37076,1,NO
molessi shoes white shoes,n/a,44,1964,87562,366141,490,2219,3199,0,7,40,0,5,35,0,4943,17150,39541,2,NO
nike shoe shoe,n/a,4000,1827,13148,54347,1046,2102,4395,0,8,52,1,11,26,4395,19040,46713,190395,1,NO
nike shoes for boys,n/a,581,2847,12354,46984,682,1706,3695,0,2,6,1,10,19,3196,11256,28443,101308,2,NO
nike shoes for men,n/a,1000,1043,6376,30748,359,1685,3145,0,34,199,2,22,36,1598,49204,103425,393630,7,YES
non shoes girls shoes,n/a,2000,3249,8199,27580,570,822,1099,2,11,45,2,10,17,1638,8218,15283,82177,2,NO
p shoes,n/a,7000,5,1306,6331,165,546,849,1,664,2428,10,136,368,6300,59501,143021,595011,6,YES
paragon shoe paragon shoe,n/a,2000,186,3320,15237,209,311,499,5,74,192,4,58,100,1996,15175,26226,151754,2,NO
paragon shoes paragon shoes,n/a,2000,193,3940,8791,215,339,499,6,61,192,7,43,98,1505,10631,26226,95678,0,NO
party shoes party shoes,n/a,40000,92,4468,29767,299,562,999,0,100,612,3,47,128,1497,25844,63872,258443,7,YES
pointed shoes ballet shoes,n/a,292,78920,208969,309331,449,807,1350,0,0,2,0,0,1,0,222,665,665,0,NO
power shoes for men shoes,n/a,364,212,1840,4721,769,1065,1478,34,229,511,12,45,93,11886,46389,120807,463888,6,YES
pt shoes pt shoes,n/a,726,6579,37208,102699,269,1484,3640,0,8,41,0,3,9,0,4501,21840,45012,3,NO
quechua shoes casual shoes,n/a,1,11916,145872,583906,2299,2959,3999,0,10,22,0,2,5,0,6398,11997,31989,0,NO
racing shoes and casual shoes,n/a,180,354,24453,107493,299,1746,5295,0,47,175,0,20,72,0,27130,59184,271304,4,YES
red shoes and white shoes,n/a,10000,197,5629,37159,338,1001,2597,0,50,191,2,38,97,4956,23103,47433,231032,7,YES
red tape shoes,n/a,1000,79,2957,14249,748,1647,2598,6,153,384,4,51,146,7716,83978,204984,755798,4,NO
redtape shoe for shoe,n/a,498,131,3308,27706,898,1619,2598,6,240,442,2,56,117,3406,84326,118521,758934,5,YES
redtape shoes leather shoes,n/a,830,65,644,2115,999,1396,2299,10,142,463,23,79,159,29624,104886,223872,1048861,6,YES
redtape shoes running shoes,n/a,107,150,13238,53407,1387,1758,2147,0,59,184,1,26,110,1758,44149,165330,441494,7,YES
reebok shoes,n/a,3000,87,3437,14935,1199,2042,3299,0,23,86,4,49,141,7196,84017,176109,840169,7,YES
reebok shoes and nike shoes,n/a,593,183,10530,49572,320,1022,3099,4,247,628,1,29,95,799,20788,44850,187095,6,YES
reebok shoes xt shoes,n/a,26,1197,32397,72242,1280,2091,3959,0,30,139,1,8,34,1649,14638,77826,146380,1,NO
rexine shoes leather shoes,n/a,95,523,14207,102438,231,1062,3999,0,73,124,0,22,58,0,16009,45878,160088,2,NO
roadster shoes casual shoes,n/a,87,3273,57735,252742,329,575,1189,0,4,21,0,4,17,0,1716,5933,17158,1,NO
running 11 shoes,n/a,10000,8496,29553,68701,599,912,1799,0,4,8,1,4,7,599,3034,5397,12136,1,NO
safety shoe safety shoe,n/a,10000,102,546,1346,244,760,1713,1,248,566,12,62,149,5124,42030,136037,378268,7,YES
scatchite shoes sport shoes,n/a,53,28786,131546,309134,349,539,999,1,16,90,0,1,2,0,360,1350,3597,1,NO
scating shoes and sport shoes,n/a,5,975,36836,131104,495,1108,1999,0,2,12,0,16,70,0,25095,139930,150569,2,NO
server shoes for men shoes,n/a,103,1666,13093,24168,484,549,599,0,15,88,3,10,28,1632,5220,13600,46977,2,NO
shoe brush for leather shoes,n/a,1000,1005,10025,32464,85,234,375,0,26,59,2,13,39,255,3132,11661,31323,2,NO
shoe couture grey shoes,n/a,7,3,65566,113132,499,2577,7619,0,373,3725,0,140,418,0,70234,208582,210701,6,YES
shoe couture shoes,n/a,308,58465,80657,124195,200,2491,5290,0,0,1,0,1,1,0,1908,5290,13353,3,NO
shoe couture white shoes,n/a,16,28531,99490,170449,486,1602,3042,0,5,19,0,1,2,0,486,972,972,1,NO
shoe couture women shoes,n/a,63,9368,62790,93020,486,2113,4790,0,6,31,0,2,7,0,2475,4790,19803,2,NO
shoe covers for shoe dispenser,n/a,1000,12353,69748,166038,479,3614,7677,0,0,1,0,0,0,0,0,0,0,0,NO
shoe glue for shoes,n/a,10000,935,40861,152403,150,613,1242,0,7,42,0,4,19,0,1639,6720,16386,0,NO
shoe glue for sports shoes,n/a,216,16446,16446,16446,400001,400001,400001,7,7,7,9,9,9,3600009,3600009,3600009,36000084,1,NO
shoe inserts for big shoes,n/a,5000,3228,12844,26016,190,336,499,0,6,17,5,31,138,2093,9238,35742,92377,1,NO
shoe inserts for loose shoes,n/a,61,677,91070,367135,249,484,720,0,44,376,0,38,121,0,16418,54223,114929,0,NO
shoe insole for big shoes,n/a,403,90,6840,53569,189,782,2099,0,409,1486,1,75,323,519,46071,129426,460708,4,YES
shoe island ankle shoes,n/a,45,7565,24359,64807,399,488,599,0,5,21,1,4,8,399,2124,3992,21239,3,NO
shoe island casual shoes,n/a,110,9386,26585,65961,399,479,499,0,6,27,1,4,7,499,1756,3493,17564,2,NO
shoe island gym shoes,n/a,14,6102,127592,386661,399,449,499,0,0,2,0,2,10,0,887,4990,7983,3,NO
shoe island long shoes,n/a,83,6212,37650,119289,399,504,599,0,3,11,0,3,10,0,1682,5990,16818,1,NO
shoe island shoes,n/a,393,911,12947,38837,449,512,599,0,5,20,1,12,41,499,6350,20418,63495,3,NO
shoe island shoes for men,n/a,186,5196,22195,75345,399,471,499,0,5,21,1,6,11,399,2817,5489,28172,0,NO
shoe laces for casual shoes,n/a,10000,2,3397,20800,165,284,899,2,463,3869,3,83,460,555,30384,229540,303841,7,YES
shoe laces for formal shoes,n/a,6000,221,2598,5481,145,174,195,14,76,293,11,30,91,1925,5228,15015,52277,0,NO
shoe laces for sport shoes,n/a,7000,645,2594,10181,145,252,449,4,65,147,6,31,51,1170,7517,22899,67653,2,NO
shoe less shoes,n/a,3000,62,1131,5695,199,526,762,12,390,1872,11,81,162,2189,45169,111252,451694,4,YES
shoe less shoes for men,n/a,2000,3,2627,20623,234,471,909,9,663,3725,3,123,418,702,60894,208582,548046,5,YES
shoe mistri shoe renovator,n/a,32,713,4404,13552,149,244,399,2,18,62,5,20,48,745,5212,12768,52123,1,NO
shoe nike shoes,n/a,3000,3035,66197,597948,740,2638,6084,0,3,11,0,10,17,0,21361,54756,213608,3,NO
shoe rack for shoes,n/a,10000,57,18254,141508,399,959,1399,0,79,782,0,123,724,0,79795,396752,797950,4,YES
shoe shiner for leather shoes,n/a,203,339,9552,44231,72,187,299,0,33,62,1,20,73,249,3043,6205,27388,2,NO
shoes,n/a,n/a,1,83,358,299,698,2078,1,866,3122,71,266,532,51726,148792,265468,1487921,7,YES
shoes for boys,n/a,n/a,9,139,801,284,462,549,32,340,710,45,189,313,22455,89336,161955,893361,4,YES
shoes for girls,n/a,n/a,27,224,537,399,494,599,38,243,585,57,118,221,32435,57241,110279,572411,7,YES
shoes for men,n/a,n/a,1,22,70,299,607,1299,1,1003,3133,154,297,532,58305,180223,335142,1802233,6,YES
shoes stylish,n/a,n/a,1,13,38,299,470,599,1,772,3122,195,330,532,58305,156113,265468,1405021,4,YES
shoes suits,n/a,n/a,1,1211,9993,449,796,2425,3,964,3122,0,194,532,0,122868,335142,1228684,6,YES
shoe sports shoe,n/a,100000,1,240,1825,320,543,889,0,728,3197,26,218,532,12974,119617,289575,1196166,6,YES
shoe stackers for a pair of shoes,n/a,30,23624,74812,173976,375,647,1000,0,5,39,0,3,5,0,1590,2995,4771,0,NO
shoe stretcher for leather shoes,n/a,26,2575,37967,180058,239,1087,2401,0,23,96,0,6,20,0,5197,15992,51972,3,NO
"shoe, slipper and office shoe",n/a,200000,2,40,131,320,535,825,0,1455,3861,117,261,460,63680,142155,289575,1421545,6,YES
shoes all shoes,n/a,40000,2,4997,20048,72,686,2805,0,407,3692,3,74,460,1197,38860,229540,349742,5,YES
shoes badminton 4 shoes,n/a,1000,1,4490,21032,649,1255,2871,1,423,3473,3,134,532,3894,131447,532000,1314469,6,YES
shoes bata shoes,n/a,3000,398,1646,5600,628,925,1299,3,54,182,11,41,67,6908,40619,70216,406185,4,NO
shoes bata shoes for men,n/a,2000,119,4849,40928,499,932,1299,20,100,410,1,50,123,13972,51997,95817,467970,6,NO
shoes black shoes,n/a,80000,7,1131,4557,499,865,1700,0,479,4056,13,98,339,11687,89067,287811,890667,4,YES
shoes black shoes 200,n/a,3000,566,566,566,n/a,n/a,n/a,364,364,364,55,55,55,n/a,n/a,n/a,n/a,3,NO
shoes boot shoes,n/a,100000,39,749,2099,189,498,994,10,204,601,23,79,193,10773,39300,96307,393001,7,YES
shoes campus girl shoes,n/a,25,992,9033,25907,299,696,999,0,40,139,2,16,40,598,11639,31960,116393,1,NO
shoes campus shoes,n/a,2000,142,8907,26136,799,1167,1899,1,37,114,2,23,113,2018,23886,90287,214973,4,NO
shoes canvas shoes,n/a,60000,3,1709,10447,191,569,1019,0,408,2259,6,98,418,2088,63473,245784,634729,7,YES
shoes casual shoes,n/a,100000,10,1682,14747,354,506,899,0,395,2274,4,140,304,1996,69658,151696,696584,7,YES
shoes casual shoes under 400,n/a,40000,3,1556,9725,310,383,480,0,98,593,6,132,418,2394,52257,187682,522573,7,YES
shoes chappals shoes model,n/a,779,5,473,1909,269,539,899,4,672,1700,25,137,368,12475,59467,123480,594671,5,YES
shoes children light shoes,n/a,7000,40,4311,12694,259,403,599,0,36,242,5,65,192,1995,26828,78720,268283,7,YES
shoes designe for girls shoes,n/a,10000,120,7654,26900,305,443,499,0,97,527,2,36,122,998,15559,60878,155589,0,NO
shoes football shoes of juventus,n/a,18,1885,34993,112615,699,806,899,0,1,6,0,6,25,0,4849,19275,48488,0,NO
shoes formal shoes,n/a,60000,59,736,2458,285,546,1408,6,304,1607,21,86,165,9408,53297,232320,532968,6,YES
shoes gents shoes,n/a,100000,1,733,5730,270,476,649,2,664,3188,41,145,532,16113,71752,265468,717524,5,YES
shoes girls shoes,n/a,100000,28,5916,53569,395,474,519,0,164,496,1,100,218,519,47702,108782,477015,4,YES
shoes girls shoes 300,n/a,2000,151,7900,33516,250,422,499,0,49,328,2,31,110,598,13792,46407,137921,1,NO
shoes girls shoes 5,n/a,40000,28,545,2487,349,451,499,0,110,250,21,91,218,10479,41749,108782,417489,4,YES
shoes girls shoes and boots,n/a,30000,35,752,2742,426,508,699,1,166,473,19,94,201,12475,45426,100299,454260,6,YES
shoes girls shoes party wear girls shoes,n/a,20000,151,3660,9222,149,409,499,0,25,92,7,42,110,1043,17491,42790,174913,0,NO
shoes gym shoes,n/a,20000,1,315,2095,299,572,879,0,729,3197,23,209,532,13777,122928,289575,1229280,5,YES
shoes jeans shoes,n/a,10000,15,2767,8584,299,482,549,0,228,730,7,101,268,2093,49320,133732,493200,6,YES
shoes laces for formal shoes,n/a,6000,221,9673,28041,162,581,2999,0,90,453,2,24,91,330,8876,34431,88759,2,NO
shoes laces for sports shoes,n/a,8000,1,1309,6371,195,537,834,6,760,3197,10,143,532,1950,92759,289575,927592,6,YES
shoes ladies shoes,n/a,70000,328,1710,5309,341,492,949,1,146,535,11,39,75,7485,17480,29850,174798,2,NO
shoes ladies shoes sandal,n/a,30000,1,70023,230829,228,535,1595,0,700,5031,0,110,500,0,50655,215050,506551,5,YES
shoes ladies shoes under 500,n/a,30000,254,254,254,474,474,474,618,618,618,85,85,85,40290,40290,40290,402900,5,YES
shoes ladies shoes with heles,n/a,50000,39,1297,5861,199,430,658,0,177,536,10,82,193,2950,32649,96307,293839,7,YES
shoes lakhani shoes,n/a,n/a,7412,20905,47979,499,969,1690,1,8,25,1,4,8,599,4330,9594,38968,2,NO
shoes lakhani shoes price,n/a,41,6843,6843,6843,1729,1729,1729,24,24,24,9,9,9,15561,15561,15561,155610,2,NO
shoes leather for shoes under 499,n/a,50000,7,3436,31809,299,432,499,7,167,531,4,123,336,1196,58450,167664,584502,4,YES
shoes leather shoes,n/a,30000,189,91388,497937,480,1104,3150,0,102,462,0,38,118,0,23186,70682,208671,4,YES
shoes leather shoes for men,n/a,30000,65,90139,497937,599,1719,2970,0,49,137,0,37,158,0,36181,99950,361813,4,YES
shoes leather shoes under 1000,n/a,30000,189,842,2470,480,761,999,50,215,671,27,60,118,18240,42695,70682,426947,5,YES
shoes less shoes under 500,n/a,1000,62,4214,18198,185,438,524,0,561,2269,3,64,162,1197,28411,72414,284111,6,YES
shoes loafer shoes,n/a,60000,26,781,3753,299,497,699,4,337,1485,15,99,224,7935,49786,94810,497864,4,YES
shoes loafers shoes,n/a,50000,4,889,2503,249,494,899,0,81,322,20,93,390,4980,45572,148200,455720,7,YES
shoes long military shoes,n/a,205,2974,24545,65784,399,744,999,0,8,60,1,7,18,399,5919,16182,59188,2,NO
shoes mans frown shoes,n/a,60000,4,775,3719,360,654,1408,0,120,318,15,116,390,11235,70105,232320,701050,4,YES
shoes men shoes,n/a,60000,49,49,49,380,380,380,1701,1701,1701,177,177,177,67260,67260,67260,672600,5,YES
shoes men shoes adidad,n/a,3000,18,3460,9853,1299,2235,3299,0,12,75,6,43,253,9366,74543,328647,745431,4,YES
shoes men shoes sports,n/a,30000,2,2,2,474,474,474,15033,15033,15033,460,460,460,218040,218040,218040,2180400,4,YES
shoes men shoes stylish,n/a,70000,49,49,49,380,380,380,1701,1701,1701,177,177,177,67260,67260,67260,672600,7,YES
shoes men shoes under 500,n/a,30000,49,49,49,380,380,380,1701,1701,1701,177,177,177,67260,67260,67260,672600,4,YES
shoes men sports shoes,n/a,80000,2,2219,20171,280,459,616,1,522,3545,3,161,460,15120,89405,252540,804642,6,YES
shoes mens shoes,n/a,100000,1,75,470,330,497,825,0,1001,3209,61,277,532,24339,144499,289575,1444991,6,YES
shoes new designer shoes,n/a,2000,20,1231,7979,293,891,1678,1,342,1603,8,83,245,5512,62010,154560,620103,6,YES
shoes new shoes,n/a,40000,295,295,295,399,399,399,701,701,701,79,79,79,31521,31521,31521,315210,5,NO
shoes new shoes all,n/a,7000,2,867,4187,272,976,3005,0,1200,3450,14,229,460,8386,148530,315549,1336774,6,YES
shoes nike shoes,n/a,5000,917,5580,19552,880,3468,6084,0,23,97,3,19,53,16371,52014,92969,520144,4,YES
shoes nike shoes mens,n/a,4000,1774,22363,170809,977,4277,6084,0,9,52,0,13,26,0,48435,85176,484351,2,NO
shoes nike shoes new,n/a,92,4023,89413,416536,1659,4814,9490,0,2,14,0,4,14,0,21480,74620,193319,1,NO
shoes nike shoes sport,n/a,3000,782,6463,19552,1629,3410,5597,0,17,53,3,16,45,12580,48377,118710,483767,4,YES
shoes nike shoes under 3000,n/a,952,917,4551,8955,880,2498,4236,0,18,53,7,19,53,18081,39191,85670,391908,6,YES
shoes nike shoes under 500,n/a,2000,1,116274,1153691,229,379,499,0,483,3188,0,127,532,0,55408,265468,554076,0,NO
shoes puma shoes,n/a,10000,124,1391,2616,1399,2145,5999,0,49,250,20,46,120,34060,88343,215880,883428,4,YES
shoes puma shoes for men,n/a,7000,125,1418,3293,1232,1574,1996,0,24,86,17,48,120,20944,78247,215880,782472,6,YES
shoes rack for 30 shoes,n/a,528,611,55342,173547,650,1489,7199,0,35,164,0,32,287,0,28619,229313,286194,5,NO
shoes racks multi shoes,n/a,3000,274,28642,116954,811,1119,1599,22,180,454,1,77,290,949,93395,318710,933951,5,YES
shoes red chief shoes,n/a,1000,418,1957,6265,1467,1941,2337,64,194,386,10,33,65,19220,64006,116805,640058,7,YES
shoes reebok shoes original,n/a,56,2561,2561,2561,1599,1599,1599,190,190,190,20,20,20,31980,31980,31980,319800,5,NO
shoes running shoes,n/a,100000,1,68,267,428,602,929,218,1099,3208,83,229,532,41417,140669,302064,1406693,7,NO
shoes running shoes red,n/a,20000,10,2370,20377,445,764,1929,8,293,1482,3,109,304,5787,60959,151696,609593,4,YES
shoes shoe,n/a,200000,3,346,1825,299,533,929,0,506,2244,26,173,418,11661,99139,245784,991389,7,YES
shoes shoe high stilish,n/a,50000,485,11508,67123,449,693,1599,0,21,160,1,23,60,1497,16292,59640,146627,2,NO
shoes shoe mate,n/a,323,1110,35269,128348,448,927,3550,0,69,436,0,7,36,0,5343,24264,53431,1,NO
shoes shoe shoe,n/a,300000,9,349,1122,289,682,1042,0,390,2969,36,172,313,21564,115722,294846,1157218,5,YES
shoes shoe snekar,n/a,18,24948,172050,397924,395,682,899,0,9,81,0,0,2,0,278,1558,2502,1,NO
shoes shoe white white shoes,n/a,60000,5,256,571,279,543,820,0,851,3682,55,165,368,16461,100642,275520,1006421,5,YES
shoes,n/a,100000,1,46,131,289,555,825,13,1461,3861,117,256,532,43061,143436,289575,1434356,6,YES
shoes 200,n/a,9000,5,1215,6384,246,720,2199,0,413,2418,10,103,368,3990,62994,257828,629937,6,YES
shoes 2019,n/a,6000,14,14,14,664,664,664,2805,2805,2805,274,274,274,181936,181936,181936,1819360,6,YES
shoes 300,n/a,10000,131,3015,7584,249,339,499,0,43,214,8,33,117,2632,10646,34983,106455,2,NO
shoes 300 boxer,n/a,94,1659,30371,105289,248,1348,9750,0,40,168,0,8,28,0,3017,11033,30173,3,NO
shoes 5 number,n/a,850,1,728,5296,246,803,2024,10,1371,2465,11,227,532,9889,106954,245784,962584,4,YES
shoes 6,n/a,n/a,1,74,422,499,644,899,239,1136,3158,65,236,532,32435,153634,265468,1536340,5,YES
shoes 6 size,n/a,30000,1,3488,18053,387,839,2649,2,525,3198,3,135,532,1425,77558,265468,775576,5,YES
shoes 7 number,n/a,850,4,3697,28475,232,508,869,180,796,2465,2,166,390,14773,63546,123026,444821,7,YES
shoes 700,n/a,1000,3,2845,25511,399,647,849,2,1381,3861,2,176,418,1278,119712,290979,1077411,5,YES
shoes adidas,n/a,4000,837,4542,7870,1979,2748,3599,0,89,861,8,16,43,17811,44127,111327,441268,7,YES
shoes air,n/a,10000,8,3178,13746,399,521,699,0,55,222,5,72,324,2495,37311,161676,335797,4,YES
shoes all,n/a,50000,3,3347,16468,72,695,2805,0,673,2892,4,144,418,2396,78171,245784,703537,4,NO
shoes and watch,n/a,4000,1,3355,12238,299,602,1499,1,782,4553,9,112,504,3490,61337,251496,613371,4,NO
shoes asian,n/a,10000,1,930,3063,331,512,799,1,760,4708,18,211,654,10782,102258,326346,920319,4,YES
shoes bata,n/a,4000,224,1608,5800,539,886,1297,1,68,462,10,43,91,8440,35233,70216,317100,5,YES
shoes black,n/a,100000,6,341,1685,419,811,1678,37,518,3197,27,165,351,36034,111949,289575,1119492,7,YES
shoes black colour,n/a,20000,6,3811,18931,225,539,899,0,415,3197,0,84,351,0,53211,289575,532112,6,YES
shoes blue black,n/a,20000,124,2558,12834,270,1180,3749,1,84,350,5,62,120,5176,72560,244750,653044,5,YES
shoes blue colour,n/a,10000,28,4309,20607,148,463,1249,0,142,795,3,53,218,1347,37991,202338,379911,7,YES
shoes bluetooth handsfree,n/a,496,14113,378078,1086763,299,2203,9273,0,7,35,0,12,42,0,38950,146979,233697,1,NO
shoes boot,n/a,70000,56,1700,7522,384,699,1748,0,187,775,8,63,168,3592,39230,85652,392304,4,YES
shoes boots,n/a,100000,30,1491,5903,404,610,994,2,162,562,10,81,213,8990,43803,106287,438030,4,YES
shoes boxing shoes,n/a,1000,11563,57765,146346,609,1760,5219,0,1,6,0,2,5,0,3620,19245,32581,1,NO
shoes boy shoes for boys stylish,n/a,n/a,1,330,1367,400,534,849,3,114,246,32,271,1293,13536,178017,1097757,1780173,6,YES
shoes boys,n/a,100000,12,739,3771,339,461,599,1,153,642,15,103,288,6585,49821,143712,498206,4,YES
shoes branded,n/a,10000,1,3618,20621,399,628,1424,0,685,3779,3,168,532,3990,92591,265468,925911,5,YES
shoes campus,n/a,894,585,585,585,824,824,824,149,149,149,54,54,54,44496,44496,44496,444960,5,NO
shoes canvas,n/a,70000,3,1858,14196,389,549,899,1,734,3861,4,121,418,1956,70165,245784,701652,6,YES
shoes check,n/a,3000,1,139,485,199,558,1733,61,1109,3188,60,234,532,29940,110302,265468,992715,7,YES
shoes child,n/a,50000,125,125,125,399,399,399,509,509,509,120,120,120,47880,47880,47880,478800,7,YES
shoes club factory,n/a,237,26,26,26,499,499,499,3516,3516,3516,224,224,224,111776,111776,111776,1117760,7,YES
shoes combo,n/a,50000,58,798,3152,389,673,899,4,207,1415,17,78,166,12733,51489,115971,514891,6,YES
shoes combo for army,n/a,179,1,5860,38310,399,620,1693,1,902,5040,2,173,835,1098,95296,359134,952959,5,YES
shoes combo for mem,n/a,50000,58,5590,35382,359,619,899,0,258,1415,2,81,166,1098,49826,122264,498258,5,NO
shoes combo for women,n/a,20000,770,12097,25364,499,697,999,0,9,35,2,14,46,1458,8405,22954,84046,2,YES
shoes combo men,n/a,40000,94,812,3011,359,639,899,0,133,556,18,71,136,12582,45226,122264,452256,7,YES
shoes combo new,n/a,8000,114,9640,44571,399,579,899,0,15,57,1,31,125,699,21749,112375,217486,7,NO
shoes combo offer,n/a,4000,198,8253,53718,499,751,1099,0,77,257,1,33,97,549,25837,67803,232531,7,NO
shoes combo pack,n/a,30000,58,2996,17145,447,729,999,0,162,1415,4,60,166,3996,41281,115971,412808,4,YES
shoes cricket shoes,n/a,6000,1,2553,6307,499,1217,3799,1,348,3357,8,93,532,3992,75451,265468,754514,4,YES
shoes duke leather,n/a,113,19918,118621,227886,734,1004,1372,0,0,3,0,1,3,0,777,2997,6993,1,NO
shoes f,n/a,5000,1093,9288,25609,394,648,1189,0,27,121,2,14,37,1198,8126,19024,81260,3,NO
shoes fancy,n/a,400000,3,36,131,299,524,825,71,1172,3861,117,267,418,63680,142907,289575,1286164,5,YES
shoes fancy shoes,n/a,10000,3,6499,33464,244,401,588,0,1097,2525,2,153,418,798,68237,245784,682366,4,YES
shoes fashion,n/a,200000,2,1124,7188,390,1578,5999,0,415,3180,9,156,460,4131,110077,229540,1100774,4,YES
shoes football shoes,n/a,n/a,231,2984,17111,419,867,2999,0,167,657,4,103,222,4190,67532,132020,675316,7,YES
shoes for 12 size,n/a,20000,16,7363,22356,379,615,999,0,375,2892,3,51,263,1516,28019,144387,280186,5,YES
shoes for 12 year,n/a,859,300,2898,10667,389,506,699,1,135,329,6,39,78,2574,19234,38922,192343,0,NO
shoes for 12 year boys shoes for,n/a,1000,143,6114,34065,399,472,539,3,111,253,2,40,113,798,18528,45087,185279,1,NO
shoes for boys,n/a,100000,12,207,805,315,463,499,2,330,642,44,159,288,18876,73958,143712,739582,4,YES
shoes for boys 100,n/a,3000,6,43186,200918,88,846,2999,1,538,3720,1,106,365,176,86392,320893,863919,5,YES
shoes for boys 300,n/a,3000,541,10124,36536,259,513,1200,0,38,169,2,29,60,656,14198,46860,141976,2,NO
shoes for boys 500,n/a,7000,1,9343,78866,374,645,2199,2,844,5214,1,145,559,2199,64655,209066,581896,7,YES
shoes for boys 8,n/a,50000,178,3478,21149,374,510,599,1,102,251,3,53,102,1497,27079,61098,243711,6,YES
shoes for boys in 300,n/a,1000,12,5704,19298,345,397,499,2,112,503,3,88,288,1047,35408,107784,354076,7,YES
shoes for boys kids,n/a,100000,8,405,1825,349,472,549,0,111,328,26,125,324,12974,59294,161676,592943,6,YES
shoes for boys red,n/a,20000,16,918,4167,325,480,691,3,302,1246,14,85,263,6986,43605,131237,436050,4,YES
shoes for boys reebok,n/a,330,2775,21214,32070,779,1405,1924,1,7,17,0,6,18,0,4964,14022,19854,0,NO
shoes for boys spark,n/a,279,13,7239,57542,215,727,1409,0,918,2051,1,113,281,1409,57568,169012,575681,4,YES
shoes for dance,n/a,n/a,3,16161,44844,329,875,2399,0,243,2211,1,55,418,906,31815,248292,318150,7,YES
shoes for girls,n/a,100000,41,6213,53569,349,496,599,0,136,328,1,79,190,519,38004,94620,380044,4,YES
shoes for kids,n/a,90000,25,3109,11270,199,613,1497,0,67,288,6,48,227,2786,24564,90573,245638,4,YES
shoes for kids girl,n/a,100000,77,1119,8103,274,422,499,0,107,250,8,81,148,2192,34643,68363,346432,4,NO
shoes for ladies,n/a,60000,46,1417,4676,358,448,579,0,167,471,12,55,182,4296,25761,90818,257612,6,YES
shoes for men,n/a,100000,2,73,291,320,571,899,71,1152,3633,64,223,460,28736,132897,315549,1328965,7,YES
shoes for men casual,n/a,80000,2,4684,37188,310,751,3299,0,625,3824,2,129,460,998,68035,245784,680352,7,YES
shoes for men combo,n/a,40000,58,633,3152,338,592,899,4,255,1415,17,90,166,12733,54472,122264,544721,4,YES
shoes for men formals,n/a,50000,89,655,1685,285,1239,4695,2,210,440,27,76,139,19767,96345,507060,963450,6,YES
shoes for men leather,n/a,60000,89,700,2410,394,1164,4695,2,167,384,21,78,139,10479,90342,455415,903421,5,YES
shoes for men new,n/a,30000,1,3854,23019,420,1857,5499,0,555,3188,3,141,532,16497,91456,265468,914557,6,YES
shoes for men puma,n/a,4000,25,6016,17874,1198,2482,5499,0,14,91,4,46,227,15390,66339,272173,597051,4,YES
shoes for men sport,n/a,80000,1,145,1187,304,513,825,0,766,3197,35,241,532,13965,130534,289575,1305343,6,YES
shoes for men sports shoes,n/a,100000,1,36,76,320,525,825,0,770,3205,149,259,532,56320,142699,289575,1284287,7,YES
shoes for men stylish,n/a,100000,1,87,291,320,561,899,71,1049,3357,64,221,532,28736,130114,315549,1301139,4,YES
shoes for mens jordan,n/a,450,624,14696,54616,299,2042,5999,0,2,8,1,15,52,689,15376,41993,153757,2,NO
shoes for small girls,n/a,4000,28,6940,49279,209,628,1999,0,245,577,1,102,218,209,53557,108782,535566,7,YES
shoes for women,n/a,100000,64,676,3424,457,1090,4519,0,168,392,16,80,160,15040,57356,148640,516205,7,YES
shoes for women combo,n/a,20000,83,3722,15495,299,548,899,1,13,40,4,49,143,2595,20915,42757,209147,4,YES
shoes game,n/a,n/a,10,6505,25531,202,611,899,1,436,3133,2,88,304,1398,49102,273296,491016,6,YES
shoes gel,n/a,10000,912,2208,6221,158,275,590,13,111,365,37,151,254,8843,39509,83391,355579,4,YES
shoes gents,n/a,10000,1,8659,35778,445,622,997,0,452,3188,2,101,532,1497,50521,265468,505205,7,YES
shoes girls,n/a,n/a,27,227,537,419,504,599,38,241,585,57,117,221,32435,57892,110279,578922,6,YES
shoes hush puppies,n/a,1000,1449,5679,26040,1949,2642,3289,13,113,292,2,18,30,5598,47422,98670,474223,4,YES
shoes jeans,n/a,n/a,3,2359,8241,322,458,594,10,325,2211,8,82,418,2792,43756,248292,437562,7,YES
shoes jhootha,n/a,1000,244,14007,57933,199,403,549,0,14,76,1,21,87,349,8146,27445,81462,1,NO
shoes jogging shoes,n/a,10000,2,14057,56578,469,654,999,0,817,3894,1,111,460,499,73424,289575,734241,6,YES
shoes joota,n/a,n/a,234,4825,20541,349,494,560,0,13,76,3,34,89,1347,17264,46458,172643,1,NO
shoes joote,n/a,266,1620,159002,561487,349,422,599,0,17,157,0,4,28,0,1366,9772,10931,3,NO
shoes kide,n/a,100000,57,759,2986,339,442,499,81,430,1004,50,106,211,16950,47299,100014,236495,4,YES
shoes kids,n/a,100000,158,3212,15191,359,517,599,0,81,251,4,51,108,1996,25883,61098,232945,7,YES
shoes ladies,n/a,60000,181,1175,4676,349,457,599,15,195,527,12,52,101,4296,24636,50399,246363,6,NO
shoes ladies shoes,n/a,90000,14,257,894,339,575,1289,10,330,847,36,106,245,17964,62874,195755,628741,4,YES
shoes lancer,n/a,1000,37,1302,4642,302,615,1299,20,502,1144,6,76,225,7794,40903,112275,409029,7,YES
shoes leather,n/a,100000,59,1094,5774,499,785,1748,2,97,295,10,70,165,4990,59633,232320,596331,6,YES
shoes leather shoes,n/a,100000,55,854,3864,480,1278,3249,0,308,2158,15,89,170,19794,99450,331561,994496,5,YES
shoes lee cooper,n/a,1000,2129,13132,31981,999,1792,2259,0,20,91,2,9,23,2910,14585,44505,145851,0,NO
shoes less,n/a,n/a,3,3945,16776,175,523,899,0,666,2433,4,130,418,1756,73273,248292,732728,7,YES
shoes less for men,n/a,1000,1,242,555,367,556,899,9,884,4523,58,157,474,28942,81719,283926,817192,7,YES
shoes light,n/a,n/a,3,2822,9659,299,808,2445,2,699,3128,7,123,418,4485,58821,208582,294107,4,NO
shoes loafer,n/a,50000,5,286,1293,299,843,2198,17,325,1415,33,146,368,21827,95666,146096,860993,7,YES
shoes loafers,n/a,50000,52,456,1618,464,732,1289,15,460,2154,29,96,201,25158,63169,108064,631689,4,YES
shoes long,n/a,20000,2,4731,26465,299,487,899,3,923,3609,2,143,460,686,87965,302064,879651,4,YES
shoes look,n/a,n/a,3,1063,7498,419,652,1299,1,519,2211,8,159,418,7976,106403,290976,1064025,4,YES
shoes low price,n/a,300000,1,31,156,368,570,849,399,1642,4523,97,273,477,48403,161392,296301,1452532,7,YES
shoes low price sports shoes,n/a,2000,6,8141,41303,336,542,825,0,628,3197,1,132,351,499,77904,289575,701132,4,YES
shoes male 300,n/a,5000,333,333,333,249,249,249,316,316,316,74,74,74,18426,18426,18426,184260,1,NO
shoes marketing,n/a,3000,108,108,108,499,499,499,1705,1705,1705,128,128,128,63872,63872,63872,638720,6,YES
shoes marriage shoes,n/a,841,1263,11768,50155,450,494,499,1,35,91,1,14,33,499,6704,16467,67040,0,NO
shoes men,n/a,100000,2,617,2182,319,761,2519,3,837,3546,23,157,460,9251,99459,294846,994587,7,YES
shoes men black,n/a,70000,80,427,1302,394,502,599,2,230,517,33,84,146,19767,40896,72854,408955,5,YES
shoes men black sports shoes,n/a,40000,5,359,1695,449,739,1799,14,565,3183,27,184,368,28820,115980,321632,1159801,7,YES
shoes men juti,n/a,3000,18,14023,57745,299,527,757,0,403,2224,1,64,251,598,35926,128690,359255,7,YES
shoes men red chief shoes,n/a,1000,218,2141,6795,1407,2060,2716,70,202,321,9,38,92,24444,74116,198444,741159,6,YES
shoes men sports,n/a,90000,1,38,70,299,514,825,0,732,3197,154,247,532,48438,133245,289575,1332453,5,YES
shoes men stylish,n/a,100000,1,77,470,399,565,999,0,932,3197,61,249,532,24339,144987,289575,1449873,6,YES
shoes men under 250,n/a,4000,2785,2785,2785,n/a,n/a,n/a,0,0,0,19,19,19,n/a,n/a,n/a,n/a,3,NO
shoes mens shoes 6,n/a,80000,1,161,591,349,513,999,1,832,3198,54,208,532,23760,115106,303696,1035955,7,YES
shoes modal,n/a,299,55370,55370,55370,649,649,649,10,10,10,1,1,1,649,649,649,6490,2,NO
shoes new,n/a,100000,1,669,5473,348,475,593,27,1079,4844,12,240,499,4692,119966,249001,1079692,5,YES
shoes new 2018,n/a,2000,3,10309,66190,274,1701,2971,2,276,2254,1,63,418,9596,44385,114532,399462,5,YES
shoes new fashion,n/a,50000,2,3560,19395,348,503,1000,0,365,3423,3,117,460,1437,79783,460000,797830,4,YES
shoes new shoes,n/a,70000,917,7615,24784,1742,2894,5999,0,4,10,2,19,41,6009,47004,115308,470042,3,NO
shoes new shoes parti,n/a,9000,156,10347,92597,280,426,599,0,97,539,0,49,108,0,20730,53892,207300,5,YES
shoes new show,n/a,887,4,115,364,85,392,764,62,1482,3861,73,274,564,6205,101474,228930,1014742,4,YES
shoes nike,n/a,3000,399,4263,24475,441,2897,11974,0,14,71,3,31,67,6426,56685,155050,566845,6,YES
shoes nike all,n/a,305,1221,37884,131097,2725,4413,6247,0,9,47,0,9,34,0,33155,163030,331547,3,NO
shoes offer,n/a,20000,1,7529,22936,499,743,1259,0,345,3188,3,69,532,2241,38998,265468,389977,4,NO
shoes offers,n/a,n/a,1,5378,37298,449,706,1099,0,598,3122,2,146,532,1998,80146,265468,801462,4,YES
shoes online,n/a,100000,2,1294,6638,246,623,1478,13,1634,3545,9,289,460,5841,139593,252540,1395926,6,YES
shoes original,n/a,5000,3,21037,120692,350,1138,3499,0,384,2244,0,75,418,0,44512,245784,445117,4,YES
shoes party shoes,n/a,50000,12,4390,29767,429,551,999,0,269,1011,3,99,317,1497,50251,158183,502505,6,YES
shoes party wear,n/a,60000,1,1001,3175,299,516,999,2,653,4551,17,124,498,6783,61910,248502,619102,5,YES
shoes polish,n/a,3000,539,4667,12184,54,227,399,4,57,127,18,68,231,5472,17952,73689,143619,1,NO
shoes price,n/a,300000,1,2082,18237,373,506,599,0,1067,4523,3,222,481,1770,115989,288119,1043897,7,YES
shoes price price and,n/a,10000,1,4501,16097,313,576,1299,0,712,3779,4,166,532,1996,82881,265468,828812,7,YES
shoes puma,n/a,10000,124,1046,3893,418,1923,5058,1,23,101,14,64,120,20986,114246,263016,1142462,4,YES
shoes puma 6,n/a,3000,103,8098,24345,418,2278,4589,0,91,538,3,31,131,7197,47313,156408,425815,5,YES
shoes quechua,n/a,59,6720,33108,60012,1899,4077,5999,0,5,16,0,3,9,0,8255,17091,41274,3,NO
shoes red,n/a,80000,16,532,1971,338,666,1717,7,200,648,24,102,263,10776,66398,149379,663982,4,YES
shoes red colour,n/a,4000,23,2917,11161,299,550,1408,1,117,435,6,82,233,2994,58125,232320,523125,6,YES
shoes reebok,n/a,2000,44,2910,15495,1499,2039,4100,0,12,33,4,47,185,7996,91475,277315,914754,7,YES
shoes reebok shoes,n/a,2000,74,2008,4591,1499,2123,2809,0,18,45,13,42,150,23086,84453,269850,844532,7,YES
shoes rock vision,n/a,218,1084,28782,119289,315,460,499,1,62,224,0,10,37,0,4186,18130,41856,3,NO
shoes running,n/a,100000,6,57,151,330,799,1799,0,636,3197,110,194,351,47190,156519,289575,1565194,5,YES
shoes rupees 500,n/a,610,2,10319,91445,424,487,588,1,889,3180,0,177,460,0,90279,245784,812509,7,YES
shoes s,n/a,30000,86,2466,12067,260,514,909,0,459,3861,5,50,141,4545,26400,89388,264004,5,NO
shoes safety shoes,n/a,10000,102,859,2605,319,935,1713,3,242,566,5,61,149,7245,41826,136037,418258,4,NO
shoes sale,n/a,10000,5,448,3892,221,971,2899,40,1544,3196,14,226,368,40586,147348,302064,1473484,4,YES
shoes sandal,n/a,80000,7,212,1157,349,578,798,0,735,2310,35,207,336,13965,123217,253680,1232173,7,YES
shoes shoes,n/a,100000,1,91,374,319,612,1700,34,1342,4523,66,240,474,32934,134546,283926,1345459,6,YES
shoes shoes 1,n/a,70000,113,1114,5647,199,627,1559,0,221,704,11,73,125,2189,49330,194875,443974,4,YES
shoes shoes for men white colour,n/a,6000,3,760,3165,325,528,996,0,570,2878,17,133,418,8483,86155,334656,775396,4,YES
shoes shoes gents,n/a,90000,1,237,1365,295,516,880,1,653,4214,32,206,532,28160,99146,265468,892312,6,YES
shoes shoes kids shoes kids,n/a,100000,25,21196,90183,199,427,699,0,58,288,0,82,330,0,38298,141570,306387,4,NO
shoes shoes lcr,n/a,165,14,6648,29717,439,694,999,2,366,1036,2,53,274,1998,33057,136726,297517,6,YES
shoes shoes price,n/a,20000,3,68697,576202,313,488,599,0,311,2244,0,98,418,0,50587,245784,455283,4,YES
shoes shoes gents shoes,n/a,10000,2,4534,34041,299,460,499,5,512,3180,2,151,460,998,68457,229540,547653,7,YES
shoes shoes joota,n/a,471,170,33200,195418,298,442,560,0,7,19,0,28,104,0,13857,51896,138573,3,NO
shoes shoes shoes suits,n/a,n/a,1,146,550,376,624,1299,3,1162,3139,56,215,532,27944,144304,313059,1443037,4,YES
shoes shoesred,n/a,61,35,60887,231192,444,2043,15000,0,19,181,0,28,201,0,14393,100098,129536,1,NO
shoes shoes children,n/a,50000,14,4402,18286,299,541,899,1,162,734,3,65,255,2697,28984,76245,289837,7,YES
shoes short,n/a,10000,5,712,6744,232,544,899,0,1362,2468,9,218,368,4491,111323,253680,1113231,6,YES
shoes should do that,n/a,342,n/a,n/a,n/a,n/a,n/a,n/a,15,157,338,n/a,n/a,n/a,n/a,n/a,n/a,n/a,1,NO
shoes show,n/a,6000,1,421,2831,499,650,1874,2,798,3188,19,194,532,9481,119434,265468,1194336,5,YES
shoes size 6,n/a,40000,1,617,2303,367,568,840,10,815,4551,18,210,705,8441,128285,584445,1282848,7,YES
shoes skate,n/a,5000,759,5549,10595,999,1967,2499,0,9,45,4,26,88,5996,45999,189200,459991,6,YES
shoes skating,n/a,5000,47,12723,35324,399,1080,2150,0,39,261,1,111,564,699,111024,450636,777170,4,YES
shoes slipper shoes 200 rupees,n/a,26,4,94177,578571,121,266,422,0,605,2426,0,90,390,0,28519,105078,285186,4,NO
shoes sneakers shoes,n/a,100000,3,1224,9725,180,629,1798,0,354,2244,6,132,418,2394,83088,245784,830884,6,YES
shoes sparx,n/a,2000,3,269,1611,499,835,1325,2,962,3861,28,161,418,37100,122693,245784,1226930,4,YES
shoes spice,n/a,479,2633,67870,249838,289,5181,15503,0,20,124,0,3,20,0,3938,12278,39384,3,NO
shoes sport,n/a,100000,1,254,1825,449,626,999,0,759,3340,26,205,532,12974,124740,289575,1247402,7,YES
shoes srv,n/a,145,305,10278,60706,460,553,699,0,108,262,1,37,78,699,19755,46722,197547,1,NO
shoes stand,n/a,4000,911,23703,74855,449,893,1599,0,13,69,1,41,174,449,32240,130326,257923,7,YES
shoes style shoes,n/a,70000,5,1207,9931,299,524,799,2,789,3702,6,141,368,4794,73103,216384,657931,6,YES
shoes stylish,n/a,n/a,4,96,621,320,458,559,11,722,3136,52,242,390,17628,115205,205712,1036846,7,YES
shoes stylish 400,n/a,1000,251,9849,58003,315,390,499,0,18,103,1,31,86,499,11077,29154,110765,3,NO
shoes tempo,n/a,1000,58,3720,14623,295,604,990,0,193,1415,4,42,166,1796,27025,107734,270253,7,YES
shoes today shoes,n/a,4000,2,10907,71130,274,707,2499,0,1693,3847,1,228,460,380,188193,919632,1881926,6,YES
shoes under,n/a,20000,1,22669,218363,299,529,1000,0,692,3383,0,160,532,0,110361,532000,1103611,6,YES
shoes under 100,n/a,932,65,11667,29273,27,98,189,0,42,211,3,37,159,255,3407,15423,27256,0,NO
shoes under 1000,n/a,100000,1,105,544,449,570,825,1,1501,3861,56,254,532,28736,145660,289575,1456601,6,YES
shoes under 400,n/a,80000,8,3013,14294,175,349,520,0,211,741,7,88,328,3640,29168,120704,291675,5,YES
shoes under 500,n/a,n/a,3,2979,24281,290,423,499,30,600,3128,0,218,418,6380,108457,208582,867654,4,YES
shoes under 500 for men,n/a,60000,2,319,2369,399,484,549,0,635,3559,21,191,460,8379,93709,229540,937094,5,YES
shoes under 600,n/a,100000,1,85,402,246,443,588,0,991,3188,64,279,532,28140,125433,265468,1254332,6,YES
shoes under and 300 hundred,n/a,4000,4,13217,41437,259,376,499,0,48,322,1,53,390,409,19675,148200,196750,2,NO
shoes white,n/a,n/a,3,258,1461,321,591,899,1,669,3158,30,183,418,11970,121423,258912,1214229,6,YES
shoes white and black,n/a,30000,3,2073,15524,399,818,1919,4,373,2259,4,118,418,2396,77738,245784,777379,5,YES
shoes white colour,n/a,7000,3,378,1471,348,581,1178,1,648,2878,47,144,418,16356,95418,334656,858764,4,YES
shoes with chappals,n/a,10000,4,4018,35375,229,432,849,2,1121,2474,2,213,390,1698,70341,123480,703413,6,YES
shoes without less,n/a,426,1,4880,28213,447,1014,4499,1,1099,3779,2,167,532,898,104200,289575,1041995,5,YES
shoes womenchappal,n/a,n/a,4,541,2674,209,510,999,12,260,1435,19,119,390,8474,49882,116610,498819,4,NO
shoes womens,n/a,200000,2,740,4504,229,565,899,1,254,1471,13,160,460,7787,79653,173507,796531,4,YES
shoes zapatoz,n/a,n/a,840,7189,20871,398,495,539,0,103,523,3,16,43,1497,7770,17114,77700,0,NO
shoes 12 year,n/a,1000,143,10233,40512,379,459,699,0,79,253,1,30,113,389,13172,45087,131720,2,NO
shoes2018,n/a,30000,3,27865,73361,233,3926,8230,0,864,3866,1,95,418,5120,41904,114532,419041,2,NO
shoes sneaker shoes,n/a,n/a,5,114,471,399,850,1689,3,536,2183,61,184,368,24339,159226,313059,1592262,5,YES
shoes sparks sport shoes,n/a,1000,8,8,8,499,499,499,13863,13863,13863,324,324,324,161676,161676,161676,1616760,4,YES
shoes sparx shoes,n/a,2000,3,713,2657,549,858,1325,2,1001,3870,20,142,418,21516,108457,245784,976115,7,YES
shoes sparx shoes casual,n/a,2000,3,439,2494,499,765,1019,1,1107,3870,21,164,418,17934,125008,245784,1250079,4,YES
shoes sparx shoes mens,n/a,2000,3,311,1611,296,794,1325,2,767,2474,28,198,418,37100,135017,245784,1350170,7,YES
shoes sparx shoes sport,n/a,971,29,1020,6174,549,918,1325,2,388,1472,10,94,215,8990,83487,182832,834871,4,YES
shoes sport shoes,n/a,n/a,2,114,633,399,580,899,66,512,3160,51,209,460,25449,118986,229540,1189856,4,YES
shoes sports shoes,n/a,90000,2,244,1825,449,526,899,0,836,3546,26,226,460,12974,124846,302064,1123612,7,YES
shoes stylish shoes,n/a,60000,2,604,2334,259,437,599,1,432,3722,22,131,460,9583,59786,229540,597860,5,YES
shoes stylish shoes for boys,n/a,20000,17,256,666,449,490,499,1,408,1536,45,108,234,22455,52407,107406,524065,4,YES
shoes stylish shoes for girls,n/a,10000,55,231,681,419,516,918,13,567,1392,23,102,172,10902,55968,153306,559679,6,YES
shoes white shoes,n/a,70000,9,446,2700,248,493,942,2,437,2969,19,123,313,9158,69870,294846,698696,4,YES
shoes womens asian shoes,n/a,6000,181,3091,9577,352,455,549,16,59,97,7,37,101,2926,17611,52419,176114,1,NO
shoes womens shoes,n/a,200000,20,688,3893,474,837,1717,5,137,392,14,113,245,16116,79921,148640,799207,7,YES
shoes woodland formal shoes new woodland formal shoes new product,n/a,14,9294,58180,176020,589,1796,3995,0,52,298,0,2,7,0,6048,23765,54429,3,NO
shoes woodland new shoes,n/a,117,6769,25250,49598,2242,3263,3980,3,54,179,1,3,9,2637,10619,27450,106194,3,NO
shoes woodland shoes,n/a,1000,172,4577,13745,2197,3501,3995,12,73,197,5,28,103,17042,98735,401082,987346,1,NO
shoes black quality shoes,n/a,10000,3,4621,25393,145,610,1409,0,278,2259,2,84,418,998,54886,245784,548861,7,YES
shoes shoe less of puma,n/a,69,1105,17065,43521,1083,2090,3599,10,181,516,1,11,39,3000,17959,51083,179590,3,NO
shoesmanstyleshoes,n/a,40000,4,1486,9033,299,480,799,0,290,2464,7,132,390,4485,64200,231660,642001,6,YES
skate shoes skate shoes,n/a,8000,451,3395,10595,376,1457,2499,0,38,261,4,44,135,5996,53486,206960,534860,4,YES
skate shoes skate shoes skate shoes 6 year boys skating,n/a,83,1223,16048,42886,649,889,2445,0,49,229,1,23,56,649,16659,38360,133271,1,NO
skating shoes with shoes,n/a,2000,175,3152,9900,460,939,2099,0,30,214,4,70,263,2300,67480,245583,674799,5,YES
slip shoes sports,n/a,4000,6,1491,10002,199,1028,2749,10,635,3198,6,98,351,4975,90814,315549,908140,4,YES
soloman shoes,n/a,n/a,2517,7126,11735,4362,11817,21171,0,0,2,3,12,20,43917,109449,174980,218897,3,NO
sparex shoes for men shoes,n/a,2000,3,146,923,296,728,1019,8,1550,3870,41,225,418,40918,143665,245784,1292981,4,YES
spark shoes running shoes,n/a,1000,20,1161,5740,466,929,1449,14,583,1589,10,114,245,14350,98286,230878,884574,6,YES
sparx shoes puma shoes,n/a,883,4,279,1530,244,510,1329,5,1319,2474,29,206,390,11205,78181,171110,703629,6,YES
sparx shoes sparx shoes,n/a,6000,3,140,798,244,734,1179,232,1448,3866,45,191,418,43188,124678,245784,1246777,5,YES
sparx shoes white shoes,n/a,221,3,518,1442,380,942,1699,0,705,2411,30,136,418,17970,95908,245784,863172,6,YES
sports shoes sports shoes,n/a,50000,171,171,171,866,866,866,3719,3719,3719,104,104,104,90064,90064,90064,900640,5,YES
sprk shoes for men shoes,n/a,1000,5,153,425,290,814,1245,229,1364,4376,65,173,368,31610,122079,203136,1098708,6,YES
studs shoes studs shoes,n/a,5000,474,2664,10965,515,702,849,2,77,658,6,40,109,3534,28201,92105,282013,7,YES
style shoes style shoes,n/a,50000,3,2086,9867,232,665,1678,0,592,2413,6,136,418,4186,78401,245784,784013,7,YES
stylish shoes stylish shoes,n/a,300000,1,2166,18237,259,537,849,0,1134,4523,3,191,481,1770,115623,295452,1156227,5,YES
superstar shoes mr shoes,n/a,4,3,35825,186785,448,1133,3149,0,298,2244,0,97,418,0,60300,245784,542697,5,YES
synergy shoes for men shoes,n/a,454,3531,35694,92487,499,761,1349,0,25,216,0,4,16,0,2649,10064,26492,0,NO
top shoes for running shoes,n/a,6000,6,1728,6397,449,952,1949,0,499,3198,10,98,351,12582,82068,315549,820678,6,YES
uniform shoes red shoes,n/a,85,1332,1332,1332,1996,1996,1996,223,223,223,32,32,32,63872,63872,63872,638720,7,YES
unistar shoes pt shoes,n/a,2,10324,41179,104705,294,1787,3659,0,4,16,0,3,6,0,4347,14636,17388,2,NO
uspa shoes loafer shoes,n/a,204,5255,22586,60464,1319,1887,3088,0,8,35,1,5,11,1759,9326,25069,83930,2,NO
victa shoes running shoes,n/a,32,4860,123054,295753,797,1684,4200,0,9,84,0,2,12,0,2070,9564,16558,0,NO
vogue shoes running shoe,n/a,452,2353,14378,34446,499,629,999,0,5,23,2,8,21,998,4302,10479,43024,0,NO
volleyball shoes sports shoes,n/a,1000,3,376,1920,339,769,1676,16,1137,7171,34,232,764,23361,162193,648636,1621935,7,YES
wildcraft shoes,n/a,279,19320,45140,96219,1995,3351,3995,0,11,67,0,2,3,0,5731,11985,57306,1,NO
woodland shoes running shoes,n/a,294,248,14021,35272,299,1011,2995,0,148,995,2,22,86,897,17129,46483,154164,0,NO
xpert shoes running shoes,n/a,80000,2,2554,25169,479,679,1080,5,555,3545,2,213,460,52323,158304,284040,1424733,5,YES
